한자	독음	뜻
家庭敎育	가정교육	가정의 일상생활 가운데 집안 어른들이 자녀들에게 주는 영향이나 가르침.
各人各色	각인각색	사람마다 각기 다름.
各自圖生	각자도생	제각기 살아 나갈 방법을 꾀함.
見物生心	견물생심	어떠한 실물을 보게 되면 그것을 가지고 싶은 욕심이 생김.
高速道路	고속도로	차의 빠른 통행을 위하여 만든 차 전용의 도로.
公明正大	공명정대	하는 일이나 태도가 사사로움이나 그릇됨이 없이 아주 정당하고 떳떳함.
九死一生	구사일생	아홉 번 죽을 뻔하다 한 번 살아난다는 뜻으로, 죽을 고비를 여러 차례 넘기고 겨우 살아남.
南男北女	남남북녀	우리나라에서, 남쪽 지방은 남자가 잘나고 북쪽 지방은 여자가 아름다움을 이르는 말.
男女老少	남녀노소	남자와 여자, 늙은이와 젊은이란 뜻으로, 모든 사람.
男女有別	남녀유별	남자와 여자 사이에 분별이 있어야 함.
多少不計	다소불계	많고 적음을 헤아리지 아니함.
代代孫孫	대대손손	오래도록 내려오는 여러 대.
大明天地	대명천지	아주 환하게 밝은 세상.
同苦同樂	동고동락	괴로움도 즐거움도 함께함.
東問西答	동문서답	동쪽에서 묻자 서쪽에서 답한다는 뜻으로, 물음과는 전혀 상관없는 엉뚱한 대답.
東西古今	동서고금	동양과 서양, 옛날과 지금.
東西南北	동서남북	동쪽·서쪽·남쪽·북쪽이라는 뜻으로, 모든 방향을 이르는 말.
同姓同本	동성동본	성(姓)과 본관이 모두 같음.
門前成市	문전성시	찾아오는 사람이 많아 집 문 앞이 시장을 이루다시피 함을 이르는 말.
百年大計	백년대계	백 년의 큰 계획.
白面書生	백면서생	한갓 글만 읽고 세상일에는 전혀 경험이 없는 사람.
百發百中	백발백중	백 번 쏘아 백 번 맞힌다는 뜻으로, 총이나 활 따위를 쏠 때마다 겨눈 곳에 다 맞음.
白衣民族	백의민족	흰옷을 입은 민족이라는 뜻으로, ‘한민족’을 이르는 말.
百戰百勝	백전백승	싸울 때마다 다 이김.
父母兄弟	부모형제	아버지, 어머니, 형, 아우.
父子有親	부자유친	아버지와 아들 사이에는 친함이 있음.
不老長生	불로장생	늙지 아니하고 오래 삶.
不遠千里	불원천리	천 리 길도 멀다고 여기지 않음.
四方八方	사방팔방	여기저기 모든 방향이나 방면.
四海兄弟	사해형제	온 세상 사람이 모두 형제와 같다는 뜻으로, 친밀함을 이르는 말.
山戰水戰	산전수전	산에서도 싸우고 물에서도 싸웠다는 뜻으로, 세상의 온갖 고생과 어려움을 다 겪었음을 이르는 말.
山川草木	산천초목	산과 내와 풀과 나무라는 뜻으로, ‘자연’을 이르는 말.
三三五五	삼삼오오	서너 사람 또는 대여섯 사람이 떼를 지어 다니거나 무슨 일을 함.
上下左右	상하좌우	위와 아래, 왼쪽과 오른쪽을 아울러 이르는 말.
生死苦樂	생사고락	삶과 죽음, 괴로움과 즐거움.
世界平和	세계평화	지구상의 모든 나라가 평온하고 화목함.
世上萬事	세상만사	세상에서 일어나는 온갖 일.
十中八九	십중팔구	열 가운데 여덟이나 아홉 정도로 거의 대부분이거나 거의 틀림없음.
愛國愛族	애국애족	자기 나라와 민족을 사랑함.
野生植物	야생식물	산이나 들에서 저절로 나서 자라는 식물.
藥用植物	약용식물	약으로 쓰거나 약의 재료가 되는 식물.
年中行事	연중행사	해마다 일정한 시기를 정하여 놓고 하는 행사.
樂山樂水	요산요수	산과 물을 좋아한다는 것으로, 자연을 즐기고 좋아함.
二八靑春	이팔청춘	16세 무렵의 꽃다운 청춘.
人命在天	인명재천	사람의 목숨은 하늘에 달려 있다는 뜻으로, 목숨의 길고 짧음은 사람의 힘으로 어쩔 수 없음.
人事不省	인사불성	제 몸에 벌어지는 일을 모를 만큼 정신을 잃은 상태.
人山人海	인산인해	사람이 산을 이루고 바다를 이루었다는 뜻으로, 사람이 수없이 많이 모인 상태를 이르는 말.
人海戰術	인해전술	다수의 병력을 투입하여 적을 압도하는 전술.
一口二言	일구이언	한 입으로 두 말을 한다는 뜻으로, 한 가지 일에 대하여 말을 이랬다저랬다 함을 이르는 말.
一心同體	일심동체	한마음 한 몸이라는 뜻으로, 서로 굳게 결합함을 이르는 말.
一日三省	일일삼성	하루에 세 번 자신의 행동을 반성함.
一日三秋	일일삼추	하루가 삼 년 같다는 뜻으로, 몹시 애태우며 기다림을 이르는 말.
一長一短	일장일단	한 가지 장점과 한 가지 단점이란 뜻으로, 장점도 있고, 단점도 있음.
一朝一夕	일조일석	하루 아침과 하루 저녁이란 뜻으로, 짧은 시일.
自問自答	자문자답	스스로 묻고 스스로 대답함.
子孫萬代	자손만대	오래도록 내려오는 여러 대.
自手成家	자수성가	물려받은 재산이 없이 자기 혼자의 힘으로 집안을 일으키고 재산을 모음.
自由自在	자유자재	거침없이 자기 마음대로 할 수 있음.
作心三日	작심삼일	단단히 먹은 마음이 사흘을 가지 못한다는 뜻으로, 결심이 굳지 못함.
電光石火	전광석화	번갯불이나 부싯돌의 불이 번쩍거리는 것과 같이 매우 짧은 시간.
晝夜長川	주야장천	밤낮으로 쉬지 아니하고 연달아.
千萬多幸	천만다행	아주 다행스러움.
天上天下	천상천하	하늘 위와 하늘 아래라는 뜻으로, 온 세상을 이르는 말.
天地神明	천지신명	천지의 조화를 주재하는 온갖 신령.
靑天白日	청천백일	하늘이 맑게 갠 대낮.
淸風明月	청풍명월	맑은 바람과 밝은 달.
草綠同色	초록동색	풀빛과 녹색은 같은 빛깔이란 뜻으로, 이름은 다르나 따지고 보면 같은 무리.
草食動物	초식동물	식물을 주로 먹고사는 동물.
春夏秋冬	춘하추동	봄·여름·가을·겨울의 네 계절.
土木工事	토목공사	땅과 하천 등을 고쳐 만드는 공사.
八道江山	팔도강산	팔도의 강산이라는 뜻으로, 우리나라 전체의 강산을 이르는 말.
八方美人	팔방미인	여러 방면으로 아름답고 재주가 뛰어난 사람.
下等動物	하등동물	진화 정도가 낮아 몸의 구조가 단순한 원시적인 동물.
行方不明	행방불명	간 곳이나 방향을 모름.
花朝月夕	화조월석	꽃 피는 아침과 달 밝은 밤이라는 뜻으로, 경치가 좋은 시절을 이르는 말.
