한자	독음
家庭敎育	가정교육
各人各色	각인각색
各自圖生	각자도생
見物生心	견물생심
高速道路	고속도로
公明正大	공명정대
九死一生	구사일생
南男北女	남남북녀
男女老少	남녀노소
男女有別	남녀유별
多少不計	다소불계
代代孫孫	대대손손
大明天地	대명천지
同苦同樂	동고동락
東問西答	동문서답
東西古今	동서고금
東西南北	동서남북
同姓同本	동성동본
門前成市	문전성시
百年大計	백년대계
白面書生	백면서생
百發百中	백발백중
白衣民族	백의민족
百戰百勝	백전백승
父母兄弟	부모형제
父子有親	부자유친
不老長生	불로장생
不遠千里	불원천리
四方八方	사방팔방
四海兄弟	사해형제
山戰水戰	산전수전
山川草木	산천초목
三三五五	삼삼오오
上下左右	상하좌우
生死苦樂	생사고락
世界平和	세계평화
世上萬事	세상만사
十中八九	십중팔구
愛國愛族	애국애족
野生植物	야생식물
藥用植物	약용식물
年中行事	연중행사
樂山樂水	요산요수
二八靑春	이팔청춘
人命在天	인명재천
人事不省	인사불성
人山人海	인산인해
人海戰術	인해전술
一口二言	일구이언
一心同體	일심동체
一日三省	일일삼성
一日三秋	일일삼추
一長一短	일장일단
一朝一夕	일조일석
自問自答	자문자답
子孫萬代	자손만대
自手成家	자수성가
自由自在	자유자재
作心三日	작심삼일
電光石火	전광석화
晝夜長川	주야장천
千萬多幸	천만다행
天上天下	천상천하
天地神明	천지신명
靑天白日	청천백일
淸風明月	청풍명월
草綠同色	초록동색
草食動物	초식동물
春夏秋冬	춘하추동
土木工事	토목공사
八道江山	팔도강산
八方美人	팔방미인
下等動物	하등동물
行方不明	행방불명
花朝月夕	화조월석
