Hanja	Hangeul
公明正大	공명정대
九死一生	구사일생
各人各色	각인각색
各自圖生	각자도생
高速道路	고속도로
九十春光	구십춘광
男女老少	남녀노소
男女有別	남녀유별
綠水靑山	녹수청산
同苦同樂	동고동락
東問西答	동문서답
代代孫孫	대대손손
大明天地	대명천지
東西古今	동서고금
同姓同本	동성동본
明明白白	명명백백
門前成市	문전성시
物各有主	물각유주
百年大計	백년대계
白面書生	백면서생
百發百中	백발백중
百戰百勝	백전백승
不立文字	불립문자
別有天地	별유천지
父子有親	부자유친
不遠千里	불원천리
白衣民族	백의민족
山戰水戰	산전수전
山川草木	산천초목
三三五五	삼삼오오
先病者醫	선병자의
生死苦樂	생사고락
死生有命	사생유명
四時長春	사시장춘
四海兄弟	사해형제
山高水長	산고수장
三間草家	삼간초가
三十六計	삼십육계
生老病死	생로병사
世上萬事	세상만사
世世孫孫	세세손손
身土不二	신토불이
十中八九	십중팔구
二八青春	이팔청춘
人命在天	인명재천
人事不省	인사불성
人山人海	인산인해
一口二言	일구이언
一心同體	일심동체
一日三省	일일삼성
一日三秋	일일삼추
一長一短	일장일단
一朝一夕	일조일석
愛國愛族	애국애족
樂山樂水	요산요수
月下老人	월하노인
一方通行	일방통행
立身出世	입신출세
自問自答	자문자답
自手成家	자수성가
子子孫孫	자자손손
作心三日	작심삼일
電光石火	전광석화
正正堂堂	정정당당
自由自在	자유자재
晝夜長川	주야장천
集小成大	집소성대
千萬多幸	천만다행
靑天白日	청천백일
淸風明月	청풍명월
草綠同色	초록동색
天下第一	천하제일
八方美人	팔방미인
形形色色	형형색색
花朝月夕	화조월석
行方不明	행방불명
