hanja	hangeul	page
苛斂誅求	가렴주구	146
佳人薄命	가인박명	147
刻舟求劍	각주구검	148
甘言利說	감언이설	67
感之德之	감지덕지	149
甘呑苦吐	감탄고토	150
甲男乙女	갑남을녀	16
甲論乙駁	갑론을박	151
改過遷善	개과천선	222
去頭截尾	거두절미	223
隔世之感	격세지감	152
見金如石	견금여석	153
犬馬之勞	견마지로	69
見物生心	견물생심	68
結者解之	결자해지	70
結草報恩	결초보은	154
敬遠	경원	238
鷄肋	계륵	224
膏粱珍味	고량진미	233
苦肉之策	고육지책	75
固執不通	고집불통	73
高枕安眠	고침안면	80
古稀	고희	225
曲學阿世	곡학아세	155
骨肉相爭	골육상쟁	77
空山明月	공산명월	71
空中樓閣	공중누각	156
過猶不及	과유불급	158
管鮑之交	관포지교	159
冠婚喪祭	관혼상제	232
刮目相對	괄목상대	76
矯角殺牛	교각살우	234
巧言令色	교언영색	79
九牛一毛	구우일모	17
九尺長身	구척장신	18
群鷄一鶴	군계일학	226
群雄割據	군웅할거	231
權不十年	권불십년	72
勸善懲惡	권선징악	227
捲土重來	권토중래	228
近墨者黑	근묵자흑	229
錦上添花	금상첨화	230
金石盟約	금석맹약	78
起死回生	기사회생	65
杞憂	기우	225
落張不入	낙장불입	160
落花流水	낙화유수	145
難攻不落	난공불락	235
難兄難弟	난형난제	221
南男北女	남남북녀	38
男女有別	남녀유별	64
男尊女卑	남존여비	118
內憂外患	내우외환	217
老馬之智	노마지지	62
怒發大發	노발대발	140
勞心焦思	노심초사	139
論功行賞	논공행상	138
累卵之危	누란지위	236
多多益善	다다익선	141
單刀直入	단도직입	142
黨同伐異	당동벌이	214
大器晩成	대기만성	144
大同小異	대동소이	117
獨不將軍	독불장군	218
同病相憐	동병상련	137
同床異夢	동상이몽	111
杜門不出	두문불출	110
登龍門	등용문	109
燈下不明	등하불명	134
燈火可親	등화가친	135
馬耳東風	마이동풍	113
莫上莫下	막상막하	114
莫逆之友	막역지우	119
萬古江山	만고강산	115
萬事休矣	만사휴의	220
萬壽無疆	만수무강	237
萬全之策	만전지책	112
梅蘭菊竹	매란국죽	219
明鏡止水	명경지수	132
名實相符	명실상부	133
矛盾	모순	224
武陵桃源	무릉도원	100
無知莫知	무지막지	136
刎頸之交	문경지교	99
文房四友	문방사우	97
聞一知十	문일지십	120
門前成市	문전성시	96
物外閑人	물외한인	116
反骨	반골	238
拔本塞源	발본색원	215
傍若無人	방약무인	102
背水陣	배수진	108
百年之客	백년지객	121
百年河淸	백년하청	124
百年偕老	백년해로	105
白面書生	백면서생	104
白眉	백미	103
百發百中	백발백중	125
白衣從軍	백의종군	122
百折不屈	백절불굴	123
伯仲之勢	백중지세	126
百尺竿頭	백척간두	127
輔國安民	보국안민	128
富貴在天	부귀재천	129
父傳子傳	부전자전	106
夫唱婦隨	부창부수	216
附和雷同	부화뇌동	107
不可思議	불가사의	101
不可抗力	불가항력	98
不問曲直	불문곡직	130
不遠千里	불원천리	131
不撤晝夜	불철주야	239
不肖小子	불초소자	95
不惑	불혹	103
氷山一角	빙산일각	19
氷炭之間	빙탄지간	94
四顧無親	사고무친	213
士氣衝天	사기충천	93
士農工商	사농공상	92
四面楚歌	사면초가	91
紗帽冠帶	사모관대	240
四分五裂	사분오열	74
沙上樓閣	사상누각	161
死生有命	사생유명	210
四書三經	사서삼경	63
似而非	사이비	37
四柱八字	사주팔자	33
四通八達	사통팔달	89
事必歸正	사필귀정	186
殺身成仁	살신성인	143
三綱五倫	삼강오륜	66
三顧草廬	삼고초려	207
森羅萬象	삼라만상	211
三昧境	삼매경	35
三水甲山	삼수갑산	20
三日天下	삼일천하	15
三尺童子	삼척동자	31
桑田碧海	상전벽해	241
塞翁之馬	새옹지마	242
世俗五戒	세속오계	88
袖手傍觀	수수방관	212
水魚之交	수어지교	21
脣亡齒寒	순망치한	243
是是非非	시시비비	30
識字憂患	식자우환	206
實事求是	실사구시	171
阿鼻叫喚	아비규환	209
暗中摸索	암중모색	208
弱肉強食	약육강식	166
羊頭狗肉	양두구육	167
梁上君子	양상군자	165
魚東肉西	어동육서	168
漁夫之利	어부지리	39
易地思之	역지사지	86
緣木求魚	연목구어	87
榮枯盛衰	영고성쇠	170
五里霧中	오리무중	169
五十步百步	오십보백보	36
吳越同舟	오월동주	162
烏合之卒	오합지졸	32
溫故知新	온고지신	163
臥薪嘗膽	와신상담	202
樂山樂水	요산요수	172
龍頭蛇尾	용두사미	203
牛耳讀經	우이독경	205
月下老人	월하노인	41
危機一髮	위기일발	201
有備無患	유비무환	200
流言蜚語	유언비어	176
泣斬馬謖	읍참마속	244
以心傳心	이심전심	28
人面獸心	인면수심	164
仁者無敵	인자무적	60
一擧兩得	일거양득	173
一刀兩斷	일도양단	245
一罰百戒	일벌백계	29
一瀉千里	일사천리	204
一心同體	일심동체	26
一葉片舟	일엽편주	61
一日如三秋	일일여삼추	34
一字無識	일자무식	27
一字千金	일자천금	11
一場春夢	일장춘몽	185
日就月將	일취월장	246
一波萬波	일파만파	183
一片丹心	일편단심	14
立身揚名	입신양명	184
自家撞着	자가당착	247
自手成家	자수성가	42
自中之亂	자중지란	177
作心三日	작심삼일	12
張三李四	장삼이사	40
才子佳人	재자가인	22
賊反荷杖	적반하장	182
適者生存	적자생존	181
戰戰兢兢	전전긍긍	157
轉禍爲福	전화위복	248
絶世佳人	절세가인	175
切齒腐心	절치부심	174
漸入佳境	점입가경	180
正正堂堂	정정당당	13
諸子百家	제자백가	178
朝令暮改	조령모개	179
朝三暮四	조삼모사	44
鳥足之血	조족지혈	43
酒池肉林	주지육림	52
竹馬故友	죽마고우	46
衆口難防	중구난방	187
知彼知己 百戰不殆	지피지기 백전불태	54
知行合一	지행합일	45
進退維谷	진퇴유곡	188
滄海一粟	창해일속	189
天干地支	천간지지	23
天高馬肥	천고마비	82
天方地軸	천방지축	84
天生緣分	천생연분	47
天佑神助	천우신조	56
天衣無縫	천의무봉	199
天長地久	천장지구	48
千載一遇	천재일우	90
千篇一律	천편일률	85
靑天白日	청천백일	49
靑出於藍	청출어람	250
寸鐵殺人	촌철살인	190
醉生夢死	취생몽사	81
七顚八起	칠전팔기	83
針小棒大	침소봉대	53
他山之石	타산지석	24
泰然自若	태연자약	191
破竹之勢	파죽지세	59
八方美人	팔방미인	25
敗家亡身	패가망신	58
表裏不同	표리부동	249
鶴首苦待	학수고대	193
咸興差使	함흥차사	194
虛張聲勢	허장성세	251
螢雪之功	형설지공	195
兄友弟恭	형우제공	50
糊口之策	호구지책	196
好事多魔	호사다마	192
虎視眈眈	호시탐탐	51
浩然之氣	호연지기	197
惑世誣民	혹세무민	198
畫龍點睛	화룡점정	252
和而不同	화이부동	57
換骨奪胎	환골탈태	253
厚顔無恥	후안무치	254
